name,dataset,ClaSS,FLOSS,Window,ADWIN,DDM,HDDM,ChangeFinder,NEWMA
UTSA,Cane,0.831,0.637,0.507,0.312,0.858,0.63,0.507,0.507
UTSA,DutchFactory,0.998,0.973,0.033,0.281,0.626,0.005,0.626,0.626
UTSA,EEGRat,0.885,0.5,0.616,0.616,0.582,0.5,0.5,0.5
UTSA,EEGRat2,0.739,0.5,0.856,0.5,0.646,0.5,0.5,0.5
UTSA,Fetal2013,0.781,0.553,0.064,0.183,0.395,0.006,0.333,0.333
UTSA,GrandMalSeizures,0.542,0.587,0.007,0.495,0.439,0.007,0.506,0.506
UTSA,GrandMalSeizures2,0.761,0.508,0.013,0.508,0.666,0.008,0.508,0.508
UTSA,GreatBarbet1,0.877,0.531,0.355,0.438,0.641,0.674,0.355,0.355
UTSA,GreatBarbet2,0.817,0.792,0.355,0.469,0.991,0.696,0.355,0.355
UTSA,InsectEPG1,0.751,0.255,0.653,0.439,0.653,0.653,0.653,0.653
UTSA,InsectEPG2,0.981,0.925,0.705,0.294,0.764,0.705,0.705,0.705
UTSA,InsectEPG3,0.997,0.894,0.631,0.721,0.6,0.631,0.631,0.631
UTSA,InsectEPG4,0.987,0.537,0.723,0.192,0.723,0.723,0.63,0.723
UTSA,NogunGun,0.802,0.823,0.458,0.026,0.518,0.036,0.661,0.518
UTSA,PigInternalBleedingDatasetAirwayPressure,0.483,0.5,0.5,0.056,0.5,0.11,0.245,0.5
UTSA,PigInternalBleedingDatasetArtPressureFluidFilled,0.995,0.987,0.5,0.013,0.5,0.018,1.0,0.5
UTSA,PigInternalBleedingDatasetCVP,0.986,0.929,0.5,0.049,0.5,0.066,0.92,0.5
UTSA,Powerdemand,0.335,0.278,0.023,0.269,0.515,0.006,0.723,0.515
UTSA,PulsusParadoxusECG1,1.0,0.51,0.51,0.466,0.444,0.93,0.51,0.51
UTSA,PulsusParadoxusECG2,0.824,0.676,0.51,0.51,0.567,0.51,0.51,0.51
UTSA,PulsusParadoxusSP02,0.665,0.808,0.51,0.447,0.495,0.622,0.51,0.51
UTSA,RoboticDogActivityX,0.996,0.666,0.882,0.568,0.542,0.568,0.568,0.568
UTSA,RoboticDogActivityY,0.997,0.711,0.897,0.604,0.477,0.604,0.604,0.604
UTSA,RoboticDogActivityZ,0.656,0.716,0.537,0.543,0.539,0.537,0.537,0.537
UTSA,SimpleSynthetic,0.995,0.344,0.344,0.24,0.498,0.678,0.999,0.344
UTSA,SuddenCardiacDeath1,0.683,0.465,0.034,0.604,0.415,0.009,0.415,0.415
UTSA,SuddenCardiacDeath2,0.992,0.475,0.024,0.272,0.605,0.008,0.642,0.605
UTSA,SuddenCardiacDeath3,0.942,0.484,0.024,0.341,0.605,0.004,0.605,0.605
UTSA,TiltABP,0.445,0.288,0.054,0.073,0.531,0.006,0.531,0.531
UTSA,TiltECG,0.916,0.487,0.074,0.474,0.531,0.002,0.531,0.531
UTSA,WalkJogRun1,0.864,0.412,0.715,0.322,0.315,0.043,0.337,0.337
UTSA,WalkJogRun2,0.83,0.657,0.337,0.383,0.33,0.084,0.335,0.337
TSSB,Adiac,0.706,0.445,0.303,0.303,0.415,0.303,0.303,0.303
TSSB,ArrowHead,0.985,0.5,0.5,0.653,0.753,0.5,0.5,0.5
TSSB,Beef,0.939,0.5,0.5,0.331,0.538,0.5,0.5,0.5
TSSB,BeetleFly,0.682,0.5,0.5,0.901,0.668,0.5,0.903,0.5
TSSB,BirdChicken,0.977,0.5,0.5,0.47,0.444,0.5,0.849,0.5
TSSB,Car,0.889,0.256,0.256,0.256,0.61,0.256,0.256,0.256
TSSB,CBF,0.969,0.949,0.342,0.342,0.53,0.342,0.342,0.342
TSSB,ChlorineConcentration,0.577,0.577,0.577,0.577,0.614,0.577,0.578,0.577
TSSB,CinCECGTorso,0.337,0.337,0.583,0.509,0.413,0.317,0.351,0.337
TSSB,Coffee,0.996,0.5,0.5,0.639,0.472,0.5,0.5,0.5
TSSB,Computers,0.5,0.5,0.819,0.5,0.46,0.5,0.788,0.5
TSSB,CricketX,0.954,0.203,0.473,0.203,0.359,0.203,0.203,0.203
TSSB,CricketY,0.982,0.202,0.603,0.202,0.371,0.202,0.202,0.202
TSSB,CricketZ,0.905,0.202,0.387,0.202,0.272,0.202,0.202,0.202
TSSB,DiatomSizeReduction,0.949,0.342,0.342,0.342,0.733,0.342,0.342,0.342
TSSB,DistalPhalanxOutlineAgeGroup,0.983,0.569,0.668,0.668,0.91,0.668,0.669,0.668
TSSB,DistalPhalanxTW,0.769,0.474,0.474,0.474,0.378,0.474,0.474,0.474
TSSB,ECG200,0.988,0.572,0.572,0.572,0.813,0.572,0.572,0.572
TSSB,ECGFiveDays,0.524,0.524,0.857,0.524,0.504,0.524,0.523,0.524
TSSB,FaceAll,0.864,0.513,0.491,0.143,0.265,0.143,0.143,0.143
TSSB,FaceFour,0.741,0.281,0.281,0.539,0.479,0.487,0.481,0.281
TSSB,FacesUCR,0.93,0.414,0.595,0.152,0.229,0.152,0.152,0.152
TSSB,FiftyWords,0.96,0.278,0.427,0.278,0.458,0.278,0.278,0.278
TSSB,Fish,0.983,0.144,0.144,0.144,0.182,0.144,0.144,0.144
TSSB,GunPoint,0.864,0.501,0.501,0.5,0.666,0.501,0.501,0.501
TSSB,Haptics,0.6,0.356,0.356,0.464,0.485,0.356,0.708,0.356
TSSB,InlineSkate,0.358,0.358,0.732,0.243,0.476,0.22,0.615,0.358
TSSB,InsectWingbeatSound,0.915,0.686,0.745,0.25,0.402,0.25,0.25,0.25
TSSB,ItalyPowerDemand,0.996,0.938,0.5,0.5,0.909,0.5,0.5,0.5
TSSB,LargeKitchenAppliances,0.333,0.333,0.333,0.333,0.752,0.333,0.333,0.333
TSSB,Lightning2,0.556,0.556,0.556,0.556,0.853,0.556,0.556,0.556
TSSB,Lightning7,0.798,0.215,0.292,0.297,0.447,0.304,0.215,0.215
TSSB,Mallat,0.921,0.267,0.267,0.294,0.586,0.267,0.267,0.267
TSSB,Meat,0.618,0.487,0.333,0.333,0.429,0.333,0.333,0.333
TSSB,MedicalImages,0.58,0.58,0.236,0.58,0.348,0.58,0.58,0.58
TSSB,MoteStrain,0.897,0.5,0.5,0.502,0.511,0.5,0.5,0.5
TSSB,NonInvasiveFetalECGThorax1,0.791,0.555,0.169,0.169,0.207,0.169,0.169,0.169
TSSB,NonInvasiveFetalECGThorax2,0.991,0.513,0.145,0.145,0.145,0.145,0.145,0.145
TSSB,OliveOil,0.934,0.732,0.382,0.086,0.453,0.116,0.382,0.382
TSSB,OSULeaf,0.747,0.365,0.547,0.365,0.351,0.365,0.365,0.365
TSSB,Plane,0.927,0.377,0.15,0.15,0.243,0.15,0.15,0.15
TSSB,ProximalPhalanxOutlineAgeGroup,0.883,0.445,0.376,0.376,0.399,0.376,0.376,0.376
TSSB,ProximalPhalanxTW,0.971,0.497,0.395,0.395,0.633,0.395,0.395,0.395
TSSB,ShapesAll,0.962,0.74,0.2,0.388,0.732,0.395,0.514,0.2
TSSB,SonyAIBORobotSurface1,0.58,0.58,0.58,0.58,0.874,0.58,0.58,0.58
TSSB,SonyAIBORobotSurface2,0.972,0.517,0.718,0.517,0.515,0.517,0.517,0.517
TSSB,SwedishLeaf,0.887,0.4,0.46,0.252,0.623,0.252,0.252,0.252
TSSB,Symbols,0.518,0.297,0.334,0.301,0.802,0.281,0.296,0.297
TSSB,SyntheticControl,0.978,0.362,0.76,0.2,0.45,0.2,0.2,0.2
TSSB,ToeSegmentation1,0.761,0.5,0.84,0.476,0.638,0.5,0.5,0.5
TSSB,ToeSegmentation2,0.891,0.5,0.5,0.634,0.752,0.5,0.5,0.5
TSSB,Trace,0.652,0.644,0.344,0.429,0.344,0.344,0.344,0.344
TSSB,TwoLeadECG,0.501,0.501,0.501,0.501,0.739,0.501,0.5,0.501
TSSB,UWaveGestureLibraryAll,0.994,0.201,0.377,0.201,0.499,0.201,0.201,0.201
TSSB,UWaveGestureLibraryX,0.985,0.201,0.373,0.201,0.499,0.201,0.201,0.201
TSSB,UWaveGestureLibraryY,0.774,0.201,0.381,0.201,0.697,0.201,0.201,0.201
TSSB,UWaveGestureLibraryZ,0.779,0.402,0.589,0.201,0.565,0.201,0.201,0.201
TSSB,WordSynonyms,0.727,0.805,0.82,0.832,0.709,0.727,0.727,0.727
TSSB,Yoga,0.504,0.561,0.504,0.504,0.513,0.504,0.669,0.504
TSSB,Crop,0.958,0.359,0.433,0.125,0.292,0.125,0.125,0.125
TSSB,EOGHorizontalSignal,0.608,0.256,0.256,0.472,0.553,0.256,0.256,0.256
TSSB,EOGVerticalSignal,0.728,0.17,0.17,0.433,0.357,0.17,0.17,0.17
TSSB,FreezerRegularTrain,0.882,0.26,0.26,0.369,0.508,0.26,0.26,0.26
TSSB,Ham,0.641,0.251,0.333,0.308,0.55,0.251,0.251,0.251
TSSB,MelbournePedestrian,0.943,0.356,0.403,0.149,0.369,0.149,0.149,0.149
TSSB,MiddlePhalanxOutlineAgeGroup,0.802,0.249,0.25,0.274,0.387,0.25,0.501,0.25
TSSB,MiddlePhalanxOutlineCorrect,0.827,0.616,0.334,0.334,0.461,0.334,0.334,0.334
TSSB,ProximalPhalanxOutlineCorrect,0.559,0.53,0.292,0.292,0.682,0.292,0.292,0.292
TSSB,Strawberry,0.332,0.332,0.332,0.332,0.399,0.332,0.332,0.332
TSSB,Chinatown,1.0,1.0,1.0,1.0,0.588,1.0,0.996,1.0
TSSB,DodgerLoopDay,1.0,1.0,1.0,0.046,0.741,0.097,1.0,1.0
TSSB,Herring,1.0,1.0,1.0,0.904,0.806,1.0,1.0,1.0
TSSB,MiddlePhalanxTW,1.0,1.0,1.0,0.314,0.41,1.0,1.0,1.0
TSSB,ShapeletSim,1.0,1.0,1.0,1.0,0.458,1.0,1.0,1.0
TSSB,UMD,1.0,1.0,0.859,0.071,0.553,0.244,0.999,1.0
PAMAP,PAMAP_Indoor_Subject1_IMU_Shoe_X-Acc,0.484,0.466,0.218,0.444,0.136,0.258,0.672,0.136
PAMAP,PAMAP_Indoor_Subject1_IMU_Shoe_Y-Acc,0.488,0.439,0.388,0.292,0.136,0.246,0.589,0.136
PAMAP,PAMAP_Indoor_Subject1_IMU_Shoe_Z-Acc,0.487,0.33,0.238,0.449,0.27,0.349,0.442,0.136
PAMAP,PAMAP_Indoor_Subject1_IMU_Shoe_X-Gyro,0.565,0.608,0.136,0.356,0.279,0.312,0.34,0.136
PAMAP,PAMAP_Indoor_Subject1_IMU_Shoe_Y-Gyro,0.475,0.573,0.136,0.453,0.136,0.243,0.363,0.136
PAMAP,PAMAP_Indoor_Subject1_IMU_Shoe_Z-Gyro,0.573,0.413,0.136,0.407,0.277,0.234,0.424,0.136
PAMAP,PAMAP_Indoor_Subject1_IMU_Shoe_X-Mag,0.576,0.364,0.695,0.381,0.265,0.397,0.675,0.136
PAMAP,PAMAP_Indoor_Subject1_IMU_Shoe_Y-Mag,0.376,0.335,0.659,0.277,0.136,0.379,0.582,0.136
PAMAP,PAMAP_Indoor_Subject1_IMU_Shoe_Z-Mag,0.518,0.412,0.469,0.44,0.136,0.376,0.707,0.136
PAMAP,PAMAP_Indoor_Subject2_IMU_Shoe_X-Acc,0.498,0.412,0.206,0.295,0.132,0.249,0.598,0.132
PAMAP,PAMAP_Indoor_Subject2_IMU_Shoe_Y-Acc,0.496,0.428,0.191,0.304,0.132,0.396,0.576,0.132
PAMAP,PAMAP_Indoor_Subject2_IMU_Shoe_Z-Acc,0.495,0.306,0.36,0.361,0.249,0.331,0.538,0.132
PAMAP,PAMAP_Indoor_Subject2_IMU_Shoe_X-Gyro,0.496,0.455,0.132,0.488,0.247,0.19,0.433,0.132
PAMAP,PAMAP_Indoor_Subject2_IMU_Shoe_Y-Gyro,0.494,0.494,0.132,0.509,0.132,0.173,0.492,0.132
PAMAP,PAMAP_Indoor_Subject2_IMU_Shoe_Z-Gyro,0.485,0.494,0.132,0.46,0.132,0.215,0.435,0.132
PAMAP,PAMAP_Indoor_Subject2_IMU_Shoe_X-Mag,0.454,0.447,0.383,0.368,0.204,0.231,0.428,0.132
PAMAP,PAMAP_Indoor_Subject2_IMU_Shoe_Y-Mag,0.555,0.351,0.734,0.253,0.132,0.36,0.545,0.132
PAMAP,PAMAP_Indoor_Subject2_IMU_Shoe_Z-Mag,0.578,0.326,0.672,0.209,0.132,0.356,0.446,0.132
PAMAP,PAMAP_Indoor_Subject3_IMU_Shoe_X-Acc,0.357,0.483,0.315,0.298,0.137,0.275,0.503,0.137
PAMAP,PAMAP_Indoor_Subject3_IMU_Shoe_Y-Acc,0.356,0.525,0.312,0.287,0.137,0.322,0.459,0.137
PAMAP,PAMAP_Indoor_Subject3_IMU_Shoe_Z-Acc,0.346,0.373,0.381,0.292,0.137,0.412,0.512,0.137
PAMAP,PAMAP_Indoor_Subject3_IMU_Shoe_X-Gyro,0.712,0.539,0.137,0.488,0.345,0.252,0.524,0.137
PAMAP,PAMAP_Indoor_Subject3_IMU_Shoe_Y-Gyro,0.649,0.486,0.137,0.537,0.137,0.236,0.46,0.137
PAMAP,PAMAP_Indoor_Subject3_IMU_Shoe_Z-Gyro,0.357,0.544,0.137,0.518,0.261,0.245,0.495,0.137
PAMAP,PAMAP_Indoor_Subject3_IMU_Shoe_X-Mag,0.229,0.353,0.598,0.166,0.263,0.183,0.525,0.137
PAMAP,PAMAP_Indoor_Subject3_IMU_Shoe_Y-Mag,0.488,0.353,0.559,0.241,0.137,0.234,0.55,0.137
PAMAP,PAMAP_Indoor_Subject3_IMU_Shoe_Z-Mag,0.57,0.359,0.787,0.21,0.137,0.267,0.575,0.137
PAMAP,PAMAP_Indoor_Subject4_IMU_Shoe_X-Acc,0.305,0.297,0.365,0.502,0.151,0.291,0.382,0.151
PAMAP,PAMAP_Indoor_Subject4_IMU_Shoe_Y-Acc,0.31,0.449,0.288,0.421,0.151,0.275,0.361,0.151
PAMAP,PAMAP_Indoor_Subject4_IMU_Shoe_Z-Acc,0.351,0.405,0.303,0.489,0.151,0.26,0.351,0.151
PAMAP,PAMAP_Indoor_Subject4_IMU_Shoe_X-Gyro,0.436,0.381,0.444,0.455,0.151,0.363,0.424,0.151
PAMAP,PAMAP_Indoor_Subject4_IMU_Shoe_Y-Gyro,0.305,0.425,0.374,0.337,0.151,0.336,0.438,0.151
PAMAP,PAMAP_Indoor_Subject4_IMU_Shoe_Z-Gyro,0.271,0.366,0.287,0.444,0.151,0.312,0.408,0.151
PAMAP,PAMAP_Indoor_Subject4_IMU_Shoe_X-Mag,0.373,0.368,0.593,0.243,0.151,0.229,0.495,0.151
PAMAP,PAMAP_Indoor_Subject4_IMU_Shoe_Y-Mag,0.271,0.359,0.639,0.228,0.151,0.225,0.51,0.151
PAMAP,PAMAP_Indoor_Subject4_IMU_Shoe_Z-Mag,0.482,0.314,0.506,0.203,0.151,0.216,0.581,0.151
PAMAP,PAMAP_Indoor_Subject5_IMU_Shoe_X-Acc,0.364,0.488,0.278,0.463,0.135,0.305,0.486,0.135
PAMAP,PAMAP_Indoor_Subject5_IMU_Shoe_Y-Acc,0.518,0.632,0.359,0.305,0.135,0.37,0.528,0.135
PAMAP,PAMAP_Indoor_Subject5_IMU_Shoe_Z-Acc,0.365,0.559,0.471,0.475,0.135,0.385,0.505,0.135
PAMAP,PAMAP_Indoor_Subject5_IMU_Shoe_X-Gyro,0.577,0.492,0.135,0.368,0.288,0.213,0.496,0.135
PAMAP,PAMAP_Indoor_Subject5_IMU_Shoe_Y-Gyro,0.509,0.512,0.135,0.446,0.135,0.203,0.315,0.135
PAMAP,PAMAP_Indoor_Subject5_IMU_Shoe_Z-Gyro,0.366,0.624,0.135,0.448,0.234,0.318,0.43,0.135
PAMAP,PAMAP_Indoor_Subject5_IMU_Shoe_X-Mag,0.463,0.35,0.592,0.285,0.261,0.229,0.333,0.135
PAMAP,PAMAP_Indoor_Subject5_IMU_Shoe_Y-Mag,0.464,0.313,0.487,0.303,0.135,0.315,0.501,0.135
PAMAP,PAMAP_Indoor_Subject5_IMU_Shoe_Z-Mag,0.788,0.398,0.869,0.181,0.135,0.21,0.458,0.135
PAMAP,PAMAP_Indoor_Subject6_IMU_Shoe_X-Acc,0.489,0.392,0.447,0.363,0.134,0.338,0.61,0.134
PAMAP,PAMAP_Indoor_Subject6_IMU_Shoe_Y-Acc,0.493,0.364,0.402,0.306,0.134,0.42,0.582,0.134
PAMAP,PAMAP_Indoor_Subject6_IMU_Shoe_Z-Acc,0.484,0.38,0.442,0.314,0.134,0.399,0.546,0.134
PAMAP,PAMAP_Indoor_Subject6_IMU_Shoe_X-Gyro,0.499,0.351,0.134,0.53,0.21,0.231,0.516,0.134
PAMAP,PAMAP_Indoor_Subject6_IMU_Shoe_Y-Gyro,0.476,0.329,0.134,0.604,0.229,0.215,0.529,0.134
PAMAP,PAMAP_Indoor_Subject6_IMU_Shoe_Z-Gyro,0.332,0.394,0.134,0.458,0.134,0.286,0.547,0.134
PAMAP,PAMAP_Indoor_Subject6_IMU_Shoe_X-Mag,0.466,0.403,0.781,0.299,0.134,0.318,0.488,0.134
PAMAP,PAMAP_Indoor_Subject6_IMU_Shoe_Y-Mag,0.558,0.301,0.634,0.204,0.134,0.337,0.443,0.134
PAMAP,PAMAP_Indoor_Subject6_IMU_Shoe_Z-Mag,0.59,0.316,0.574,0.186,0.134,0.293,0.463,0.134
PAMAP,PAMAP_Indoor_Subject7_IMU_Shoe_X-Acc,0.482,0.449,0.404,0.238,0.139,0.25,0.547,0.139
PAMAP,PAMAP_Indoor_Subject7_IMU_Shoe_Y-Acc,0.332,0.597,0.232,0.244,0.139,0.229,0.529,0.139
PAMAP,PAMAP_Indoor_Subject7_IMU_Shoe_Z-Acc,0.331,0.419,0.243,0.269,0.139,0.36,0.522,0.139
PAMAP,PAMAP_Indoor_Subject7_IMU_Shoe_X-Gyro,0.472,0.414,0.139,0.522,0.373,0.4,0.41,0.139
PAMAP,PAMAP_Indoor_Subject7_IMU_Shoe_Y-Gyro,0.477,0.511,0.197,0.584,0.139,0.344,0.414,0.139
PAMAP,PAMAP_Indoor_Subject7_IMU_Shoe_Z-Gyro,0.48,0.409,0.139,0.437,0.557,0.329,0.376,0.139
PAMAP,PAMAP_Indoor_Subject7_IMU_Shoe_X-Mag,0.577,0.369,0.509,0.316,0.259,0.257,0.274,0.139
PAMAP,PAMAP_Indoor_Subject7_IMU_Shoe_Y-Mag,0.343,0.325,0.36,0.231,0.322,0.276,0.367,0.139
PAMAP,PAMAP_Indoor_Subject7_IMU_Shoe_Z-Mag,0.592,0.314,0.63,0.204,0.139,0.219,0.352,0.139
PAMAP,PAMAP_Indoor_Subject8_IMU_Shoe_X-Acc,0.765,0.382,0.558,0.409,0.135,0.442,0.597,0.135
PAMAP,PAMAP_Indoor_Subject8_IMU_Shoe_Y-Acc,0.784,0.392,0.351,0.373,0.135,0.329,0.682,0.135
PAMAP,PAMAP_Indoor_Subject8_IMU_Shoe_Z-Acc,0.631,0.409,0.377,0.36,0.135,0.48,0.531,0.135
PAMAP,PAMAP_Indoor_Subject8_IMU_Shoe_X-Gyro,0.345,0.479,0.135,0.458,0.232,0.214,0.575,0.135
PAMAP,PAMAP_Indoor_Subject8_IMU_Shoe_Y-Gyro,0.646,0.463,0.233,0.612,0.16,0.211,0.629,0.135
PAMAP,PAMAP_Indoor_Subject8_IMU_Shoe_Z-Gyro,0.621,0.477,0.209,0.447,0.135,0.265,0.58,0.135
PAMAP,PAMAP_Indoor_Subject8_IMU_Shoe_X-Mag,0.622,0.501,0.69,0.206,0.238,0.207,0.563,0.135
PAMAP,PAMAP_Indoor_Subject8_IMU_Shoe_Y-Mag,0.476,0.476,0.55,0.423,0.135,0.34,0.381,0.135
PAMAP,PAMAP_Indoor_Subject8_IMU_Shoe_Z-Mag,0.673,0.368,0.723,0.14,0.135,0.262,0.622,0.135
PAMAP,PAMAP_Outdoor_Subject2_IMU_Shoe_X-Acc,0.256,0.034,0.148,0.148,0.148,0.148,0.148,0.148
PAMAP,PAMAP_Outdoor_Subject2_IMU_Shoe_Y-Acc,0.256,0.034,0.148,0.148,0.148,0.148,0.148,0.148
PAMAP,PAMAP_Outdoor_Subject2_IMU_Shoe_Z-Acc,0.256,0.034,0.148,0.148,0.148,0.148,0.148,0.148
PAMAP,PAMAP_Outdoor_Subject2_IMU_Shoe_X-Gyro,0.256,0.034,0.148,0.148,0.148,0.148,0.148,0.148
PAMAP,PAMAP_Outdoor_Subject2_IMU_Shoe_Y-Gyro,0.256,0.034,0.148,0.148,0.148,0.148,0.148,0.148
PAMAP,PAMAP_Outdoor_Subject2_IMU_Shoe_Z-Gyro,0.256,0.034,0.148,0.148,0.148,0.148,0.148,0.148
PAMAP,PAMAP_Outdoor_Subject2_IMU_Shoe_X-Mag,0.256,0.034,0.148,0.148,0.148,0.148,0.148,0.148
PAMAP,PAMAP_Outdoor_Subject2_IMU_Shoe_Y-Mag,0.256,0.034,0.148,0.148,0.148,0.148,0.148,0.148
PAMAP,PAMAP_Outdoor_Subject2_IMU_Shoe_Z-Mag,0.256,0.034,0.148,0.148,0.148,0.148,0.148,0.148
PAMAP,PAMAP_Outdoor_Subject3_IMU_Shoe_X-Acc,0.745,0.539,0.037,0.587,0.116,0.033,0.735,0.116
PAMAP,PAMAP_Outdoor_Subject3_IMU_Shoe_Y-Acc,0.736,0.466,0.06,0.337,0.116,0.04,0.642,0.116
PAMAP,PAMAP_Outdoor_Subject3_IMU_Shoe_Z-Acc,0.781,0.496,0.056,0.543,0.116,0.032,0.6,0.116
PAMAP,PAMAP_Outdoor_Subject3_IMU_Shoe_X-Gyro,0.692,0.313,0.377,0.502,0.327,0.382,0.672,0.116
PAMAP,PAMAP_Outdoor_Subject3_IMU_Shoe_Y-Gyro,0.697,0.276,0.394,0.166,0.117,0.037,0.565,0.116
PAMAP,PAMAP_Outdoor_Subject3_IMU_Shoe_Z-Gyro,0.789,0.346,0.22,0.437,0.302,0.107,0.53,0.116
PAMAP,PAMAP_Outdoor_Subject3_IMU_Shoe_X-Mag,0.398,0.279,0.474,0.117,0.116,0.03,0.616,0.116
PAMAP,PAMAP_Outdoor_Subject3_IMU_Shoe_Y-Mag,0.54,0.322,0.615,0.171,0.116,0.03,0.48,0.116
PAMAP,PAMAP_Outdoor_Subject3_IMU_Shoe_Z-Mag,0.423,0.291,0.781,0.156,0.116,0.03,0.838,0.116
PAMAP,PAMAP_Outdoor_Subject4_IMU_Shoe_X-Acc,0.767,0.413,0.193,0.652,0.205,0.189,0.787,0.205
PAMAP,PAMAP_Outdoor_Subject4_IMU_Shoe_Y-Acc,0.778,0.317,0.201,0.528,0.314,0.187,0.608,0.205
PAMAP,PAMAP_Outdoor_Subject4_IMU_Shoe_Z-Acc,0.716,0.413,0.193,0.689,0.205,0.194,0.75,0.205
PAMAP,PAMAP_Outdoor_Subject4_IMU_Shoe_X-Gyro,0.736,0.349,0.581,0.593,0.379,0.3,0.68,0.205
PAMAP,PAMAP_Outdoor_Subject4_IMU_Shoe_Y-Gyro,0.749,0.302,0.562,0.413,0.238,0.195,0.578,0.205
PAMAP,PAMAP_Outdoor_Subject4_IMU_Shoe_Z-Gyro,0.751,0.446,0.389,0.383,0.201,0.201,0.77,0.205
PAMAP,PAMAP_Outdoor_Subject4_IMU_Shoe_X-Mag,0.399,0.209,0.389,0.214,0.205,0.188,0.82,0.205
PAMAP,PAMAP_Outdoor_Subject4_IMU_Shoe_Y-Mag,0.567,0.266,0.568,0.235,0.401,0.189,0.539,0.205
PAMAP,PAMAP_Outdoor_Subject4_IMU_Shoe_Z-Mag,0.466,0.205,0.597,0.236,0.205,0.19,0.613,0.205
PAMAP,PAMAP_Outdoor_Subject5_IMU_Shoe_X-Acc,0.79,0.448,0.105,0.604,0.116,0.034,0.949,0.116
PAMAP,PAMAP_Outdoor_Subject5_IMU_Shoe_Y-Acc,0.731,0.488,0.058,0.478,0.116,0.04,0.71,0.116
PAMAP,PAMAP_Outdoor_Subject5_IMU_Shoe_Z-Acc,0.701,0.379,0.055,0.511,0.116,0.034,0.711,0.116
PAMAP,PAMAP_Outdoor_Subject5_IMU_Shoe_X-Gyro,0.671,0.393,0.176,0.402,0.116,0.501,0.613,0.116
PAMAP,PAMAP_Outdoor_Subject5_IMU_Shoe_Y-Gyro,0.602,0.354,0.265,0.141,0.116,0.049,0.602,0.116
PAMAP,PAMAP_Outdoor_Subject5_IMU_Shoe_Z-Gyro,0.701,0.411,0.185,0.441,0.211,0.136,0.82,0.116
PAMAP,PAMAP_Outdoor_Subject5_IMU_Shoe_X-Mag,0.366,0.321,0.412,0.151,0.116,0.032,0.794,0.116
PAMAP,PAMAP_Outdoor_Subject5_IMU_Shoe_Y-Mag,0.58,0.475,0.529,0.158,0.116,0.031,0.653,0.116
PAMAP,PAMAP_Outdoor_Subject5_IMU_Shoe_Z-Mag,0.359,0.255,0.622,0.146,0.116,0.035,0.642,0.116
PAMAP,PAMAP_Outdoor_Subject6_IMU_Shoe_X-Acc,0.808,0.476,0.039,0.694,0.115,0.03,0.847,0.115
PAMAP,PAMAP_Outdoor_Subject6_IMU_Shoe_Y-Acc,0.836,0.511,0.053,0.549,0.115,0.041,0.808,0.115
PAMAP,PAMAP_Outdoor_Subject6_IMU_Shoe_Z-Acc,0.684,0.396,0.045,0.548,0.115,0.032,0.747,0.115
PAMAP,PAMAP_Outdoor_Subject6_IMU_Shoe_X-Gyro,0.684,0.314,0.199,0.418,0.115,0.309,0.681,0.115
PAMAP,PAMAP_Outdoor_Subject6_IMU_Shoe_Y-Gyro,0.745,0.363,0.221,0.13,0.329,0.038,0.656,0.115
PAMAP,PAMAP_Outdoor_Subject6_IMU_Shoe_Z-Gyro,0.819,0.362,0.236,0.319,0.115,0.074,0.768,0.115
PAMAP,PAMAP_Outdoor_Subject6_IMU_Shoe_X-Mag,0.388,0.269,0.535,0.171,0.115,0.026,0.645,0.115
PAMAP,PAMAP_Outdoor_Subject6_IMU_Shoe_Y-Mag,0.527,0.389,0.541,0.18,0.172,0.028,0.609,0.115
PAMAP,PAMAP_Outdoor_Subject6_IMU_Shoe_Z-Mag,0.415,0.236,0.447,0.151,0.115,0.028,0.73,0.115
PAMAP,PAMAP_Outdoor_Subject7_IMU_Shoe_X-Acc,0.76,0.446,0.038,0.715,0.514,0.031,0.569,0.514
PAMAP,PAMAP_Outdoor_Subject7_IMU_Shoe_Y-Acc,0.936,0.459,0.116,0.783,0.514,0.036,0.609,0.514
PAMAP,PAMAP_Outdoor_Subject7_IMU_Shoe_Z-Acc,0.942,0.45,0.073,0.676,0.514,0.032,0.629,0.514
PAMAP,PAMAP_Outdoor_Subject7_IMU_Shoe_X-Gyro,0.624,0.529,0.579,0.468,0.512,0.266,0.47,0.514
PAMAP,PAMAP_Outdoor_Subject7_IMU_Shoe_Y-Gyro,0.846,0.287,0.585,0.505,0.513,0.064,0.877,0.514
PAMAP,PAMAP_Outdoor_Subject7_IMU_Shoe_Z-Gyro,0.595,0.388,0.593,0.637,0.514,0.283,0.73,0.514
PAMAP,PAMAP_Outdoor_Subject7_IMU_Shoe_X-Mag,0.612,0.255,0.573,0.086,0.514,0.03,0.986,0.514
PAMAP,PAMAP_Outdoor_Subject7_IMU_Shoe_Y-Mag,0.628,0.402,0.358,0.076,0.514,0.025,1.0,0.514
PAMAP,PAMAP_Outdoor_Subject7_IMU_Shoe_Z-Mag,0.58,0.265,0.514,0.075,0.514,0.034,1.0,0.514
PAMAP,PAMAP_Outdoor_Subject8_IMU_Shoe_X-Acc,0.829,0.532,0.099,0.63,0.116,0.033,0.623,0.116
PAMAP,PAMAP_Outdoor_Subject8_IMU_Shoe_Y-Acc,0.765,0.563,0.1,0.418,0.215,0.069,0.875,0.116
PAMAP,PAMAP_Outdoor_Subject8_IMU_Shoe_Z-Acc,0.71,0.55,0.07,0.522,0.116,0.035,0.603,0.116
PAMAP,PAMAP_Outdoor_Subject8_IMU_Shoe_X-Gyro,0.716,0.4,0.366,0.405,0.394,0.251,0.736,0.116
PAMAP,PAMAP_Outdoor_Subject8_IMU_Shoe_Y-Gyro,0.692,0.348,0.356,0.159,0.213,0.039,0.388,0.116
PAMAP,PAMAP_Outdoor_Subject8_IMU_Shoe_Z-Gyro,0.82,0.408,0.189,0.507,0.31,0.096,0.623,0.116
PAMAP,PAMAP_Outdoor_Subject8_IMU_Shoe_X-Mag,0.398,0.305,0.726,0.164,0.116,0.027,0.785,0.116
PAMAP,PAMAP_Outdoor_Subject8_IMU_Shoe_Y-Mag,0.403,0.405,0.654,0.14,0.334,0.03,0.743,0.116
PAMAP,PAMAP_Outdoor_Subject8_IMU_Shoe_Z-Mag,0.345,0.303,0.673,0.161,0.116,0.032,0.631,0.116
mHealth,mHealth_Subject1_Ankle_X-Acc,0.601,0.331,0.311,0.497,0.086,0.447,0.536,0.086
mHealth,mHealth_Subject1_Ankle_Y-Acc,0.758,0.279,0.39,0.625,0.086,0.277,0.347,0.086
mHealth,mHealth_Subject1_Ankle_Z-Acc,0.75,0.307,0.413,0.566,0.173,0.357,0.495,0.086
mHealth,mHealth_Subject1_Ankle_X-Gyro,0.607,0.456,0.086,0.591,0.24,0.302,0.435,0.086
mHealth,mHealth_Subject1_Ankle_Y-Gyro,0.694,0.354,0.086,0.517,0.086,0.289,0.347,0.086
mHealth,mHealth_Subject1_Ankle_Z-Gyro,0.766,0.389,0.086,0.552,0.171,0.276,0.26,0.086
mHealth,mHealth_Subject1_Ankle_X-Mag,0.797,0.284,0.226,0.198,0.404,0.129,0.304,0.086
mHealth,mHealth_Subject1_Ankle_Y-Mag,0.602,0.334,0.182,0.243,0.323,0.111,0.305,0.086
mHealth,mHealth_Subject1_Ankle_Z-Mag,0.741,0.269,0.23,0.323,0.086,0.186,0.358,0.086
mHealth,mHealth_Subject2_Ankle_X-Acc,0.545,0.406,0.306,0.509,0.087,0.633,0.346,0.087
mHealth,mHealth_Subject2_Ankle_Y-Acc,0.652,0.359,0.397,0.524,0.087,0.366,0.458,0.087
mHealth,mHealth_Subject2_Ankle_Z-Acc,0.58,0.355,0.42,0.568,0.087,0.319,0.526,0.087
mHealth,mHealth_Subject2_Ankle_X-Gyro,0.538,0.474,0.087,0.589,0.202,0.393,0.528,0.087
mHealth,mHealth_Subject2_Ankle_Y-Gyro,0.671,0.38,0.087,0.503,0.087,0.23,0.346,0.087
mHealth,mHealth_Subject2_Ankle_Z-Gyro,0.592,0.415,0.087,0.698,0.166,0.467,0.526,0.087
mHealth,mHealth_Subject2_Ankle_X-Mag,0.649,0.334,0.308,0.098,0.204,0.109,0.417,0.087
mHealth,mHealth_Subject2_Ankle_Y-Mag,0.601,0.47,0.196,0.202,0.087,0.105,0.451,0.087
mHealth,mHealth_Subject2_Ankle_Z-Mag,0.639,0.453,0.271,0.361,0.087,0.196,0.268,0.087
mHealth,mHealth_Subject3_Ankle_X-Acc,0.642,0.36,0.279,0.497,0.164,0.547,0.417,0.087
mHealth,mHealth_Subject3_Ankle_Y-Acc,0.455,0.31,0.387,0.529,0.087,0.338,0.335,0.087
mHealth,mHealth_Subject3_Ankle_Z-Acc,0.61,0.33,0.345,0.443,0.167,0.371,0.386,0.087
mHealth,mHealth_Subject3_Ankle_X-Gyro,0.64,0.423,0.087,0.631,0.282,0.384,0.61,0.087
mHealth,mHealth_Subject3_Ankle_Y-Gyro,0.66,0.361,0.087,0.58,0.087,0.312,0.345,0.087
mHealth,mHealth_Subject3_Ankle_Z-Gyro,0.61,0.3,0.087,0.667,0.172,0.44,0.61,0.087
mHealth,mHealth_Subject3_Ankle_X-Mag,0.772,0.388,0.25,0.19,0.438,0.157,0.439,0.087
mHealth,mHealth_Subject3_Ankle_Y-Mag,0.751,0.266,0.243,0.379,0.301,0.275,0.347,0.087
mHealth,mHealth_Subject3_Ankle_Z-Mag,0.733,0.401,0.305,0.473,0.16,0.205,0.258,0.087
mHealth,mHealth_Subject4_Ankle_X-Acc,0.479,0.417,0.29,0.512,0.172,0.531,0.347,0.087
mHealth,mHealth_Subject4_Ankle_Y-Acc,0.643,0.348,0.351,0.473,0.087,0.281,0.408,0.087
mHealth,mHealth_Subject4_Ankle_Z-Acc,0.671,0.391,0.316,0.48,0.17,0.322,0.494,0.087
mHealth,mHealth_Subject4_Ankle_X-Gyro,0.808,0.404,0.087,0.754,0.181,0.424,0.732,0.087
mHealth,mHealth_Subject4_Ankle_Y-Gyro,0.636,0.372,0.087,0.62,0.087,0.308,0.527,0.087
mHealth,mHealth_Subject4_Ankle_Z-Gyro,0.68,0.336,0.087,0.654,0.316,0.441,0.698,0.087
mHealth,mHealth_Subject4_Ankle_X-Mag,0.771,0.366,0.244,0.107,0.283,0.148,0.544,0.087
mHealth,mHealth_Subject4_Ankle_Y-Mag,0.61,0.382,0.25,0.249,0.087,0.204,0.394,0.087
mHealth,mHealth_Subject4_Ankle_Z-Mag,0.845,0.336,0.341,0.41,0.12,0.195,0.261,0.087
mHealth,mHealth_Subject5_Ankle_X-Acc,0.686,0.378,0.235,0.457,0.169,0.352,0.42,0.087
mHealth,mHealth_Subject5_Ankle_Y-Acc,0.71,0.347,0.354,0.598,0.087,0.278,0.42,0.087
mHealth,mHealth_Subject5_Ankle_Z-Acc,0.673,0.35,0.316,0.546,0.087,0.402,0.436,0.087
mHealth,mHealth_Subject5_Ankle_X-Gyro,0.663,0.312,0.087,0.624,0.087,0.393,0.53,0.087
mHealth,mHealth_Subject5_Ankle_Y-Gyro,0.765,0.344,0.087,0.633,0.087,0.258,0.266,0.087
mHealth,mHealth_Subject5_Ankle_Z-Gyro,0.706,0.347,0.087,0.66,0.336,0.463,0.527,0.087
mHealth,mHealth_Subject5_Ankle_X-Mag,0.911,0.331,0.235,0.2,0.294,0.111,0.513,0.087
mHealth,mHealth_Subject5_Ankle_Y-Mag,0.869,0.356,0.229,0.397,0.17,0.131,0.427,0.087
mHealth,mHealth_Subject5_Ankle_Z-Mag,0.912,0.273,0.297,0.42,0.087,0.194,0.409,0.087
mHealth,mHealth_Subject6_Ankle_X-Acc,0.657,0.292,0.248,0.569,0.088,0.4,0.443,0.088
mHealth,mHealth_Subject6_Ankle_Y-Acc,0.651,0.377,0.422,0.708,0.088,0.273,0.443,0.088
mHealth,mHealth_Subject6_Ankle_Z-Acc,0.624,0.29,0.225,0.573,0.088,0.364,0.452,0.088
mHealth,mHealth_Subject6_Ankle_X-Gyro,0.712,0.361,0.088,0.627,0.088,0.335,0.371,0.088
mHealth,mHealth_Subject6_Ankle_Y-Gyro,0.648,0.382,0.088,0.648,0.088,0.391,0.371,0.088
mHealth,mHealth_Subject6_Ankle_Z-Gyro,0.656,0.294,0.088,0.655,0.173,0.323,0.456,0.088
mHealth,mHealth_Subject6_Ankle_X-Mag,0.803,0.317,0.26,0.247,0.364,0.136,0.446,0.088
mHealth,mHealth_Subject6_Ankle_Y-Mag,0.622,0.338,0.22,0.356,0.297,0.175,0.439,0.088
mHealth,mHealth_Subject6_Ankle_Z-Mag,0.673,0.291,0.235,0.507,0.17,0.173,0.494,0.088
mHealth,mHealth_Subject7_Ankle_X-Acc,0.636,0.322,0.303,0.557,0.164,0.428,0.524,0.087
mHealth,mHealth_Subject7_Ankle_Y-Acc,0.527,0.377,0.245,0.496,0.087,0.282,0.354,0.087
mHealth,mHealth_Subject7_Ankle_Z-Acc,0.688,0.313,0.226,0.502,0.173,0.287,0.418,0.087
mHealth,mHealth_Subject7_Ankle_X-Gyro,0.451,0.295,0.087,0.718,0.087,0.31,0.515,0.087
mHealth,mHealth_Subject7_Ankle_Y-Gyro,0.575,0.318,0.087,0.606,0.087,0.248,0.347,0.087
mHealth,mHealth_Subject7_Ankle_Z-Gyro,0.664,0.387,0.087,0.68,0.241,0.435,0.524,0.087
mHealth,mHealth_Subject7_Ankle_X-Mag,0.736,0.329,0.235,0.177,0.332,0.146,0.447,0.087
mHealth,mHealth_Subject7_Ankle_Y-Mag,0.567,0.433,0.277,0.267,0.243,0.183,0.343,0.087
mHealth,mHealth_Subject7_Ankle_Z-Mag,0.545,0.299,0.215,0.357,0.086,0.194,0.26,0.087
mHealth,mHealth_Subject8_Ankle_X-Acc,0.556,0.302,0.294,0.483,0.087,0.414,0.439,0.087
mHealth,mHealth_Subject8_Ankle_Y-Acc,0.586,0.278,0.403,0.604,0.087,0.279,0.531,0.087
mHealth,mHealth_Subject8_Ankle_Z-Acc,0.569,0.308,0.531,0.533,0.176,0.279,0.447,0.087
mHealth,mHealth_Subject8_Ankle_X-Gyro,0.587,0.269,0.087,0.6,0.232,0.296,0.445,0.087
mHealth,mHealth_Subject8_Ankle_Y-Gyro,0.517,0.317,0.087,0.62,0.164,0.303,0.361,0.087
mHealth,mHealth_Subject8_Ankle_Z-Gyro,0.673,0.323,0.087,0.715,0.087,0.318,0.447,0.087
mHealth,mHealth_Subject8_Ankle_X-Mag,0.635,0.278,0.251,0.18,0.177,0.134,0.404,0.087
mHealth,mHealth_Subject8_Ankle_Y-Mag,0.744,0.362,0.255,0.396,0.169,0.218,0.372,0.087
mHealth,mHealth_Subject8_Ankle_Z-Mag,0.713,0.287,0.276,0.367,0.087,0.219,0.46,0.087
mHealth,mHealth_Subject9_Ankle_X-Acc,0.763,0.399,0.214,0.539,0.086,0.358,0.341,0.086
mHealth,mHealth_Subject9_Ankle_Y-Acc,0.707,0.296,0.305,0.606,0.086,0.363,0.517,0.086
mHealth,mHealth_Subject9_Ankle_Z-Acc,0.653,0.34,0.255,0.543,0.171,0.381,0.518,0.086
mHealth,mHealth_Subject9_Ankle_X-Gyro,0.79,0.261,0.086,0.687,0.173,0.318,0.438,0.086
mHealth,mHealth_Subject9_Ankle_Y-Gyro,0.741,0.306,0.086,0.661,0.086,0.336,0.439,0.086
mHealth,mHealth_Subject9_Ankle_Z-Gyro,0.757,0.346,0.086,0.694,0.086,0.357,0.612,0.086
mHealth,mHealth_Subject9_Ankle_X-Mag,0.819,0.277,0.22,0.172,0.291,0.156,0.437,0.086
mHealth,mHealth_Subject9_Ankle_Y-Mag,0.756,0.344,0.212,0.386,0.278,0.15,0.459,0.086
mHealth,mHealth_Subject9_Ankle_Z-Mag,0.859,0.294,0.218,0.372,0.086,0.186,0.33,0.086
mHealth,mHealth_Subject10_Ankle_X-Acc,0.522,0.317,0.389,0.529,0.171,0.578,0.35,0.087
mHealth,mHealth_Subject10_Ankle_Y-Acc,0.601,0.313,0.331,0.465,0.087,0.313,0.414,0.087
mHealth,mHealth_Subject10_Ankle_Z-Acc,0.575,0.327,0.285,0.554,0.167,0.366,0.375,0.087
mHealth,mHealth_Subject10_Ankle_X-Gyro,0.659,0.386,0.087,0.574,0.208,0.272,0.268,0.087
mHealth,mHealth_Subject10_Ankle_Y-Gyro,0.601,0.348,0.087,0.623,0.087,0.32,0.266,0.087
mHealth,mHealth_Subject10_Ankle_Z-Gyro,0.593,0.336,0.087,0.659,0.24,0.434,0.442,0.087
mHealth,mHealth_Subject10_Ankle_X-Mag,0.724,0.367,0.308,0.178,0.361,0.194,0.483,0.087
mHealth,mHealth_Subject10_Ankle_Y-Mag,0.722,0.413,0.306,0.37,0.087,0.229,0.42,0.087
mHealth,mHealth_Subject10_Ankle_Z-Mag,0.713,0.391,0.226,0.305,0.087,0.189,0.412,0.087
WESAD,WESAD_Subject2_chest_X-ACC,0.726,0.445,0.253,0.09,0.672,0.636,0.958,0.253
WESAD,WESAD_Subject2_chest_Y-ACC,0.218,0.349,0.253,0.079,0.253,0.227,0.961,0.253
WESAD,WESAD_Subject2_chest_Z-ACC,0.541,0.362,0.253,0.081,0.253,0.604,0.95,0.253
WESAD,WESAD_Subject2_chest_ECG,0.775,0.303,0.253,0.222,0.05,0.239,0.027,0.253
WESAD,WESAD_Subject2_chest_EMG,0.622,0.544,0.253,0.534,0.253,0.253,0.474,0.253
WESAD,WESAD_Subject2_chest_EDA,0.385,0.652,0.253,0.046,0.253,0.749,0.37,0.253
WESAD,WESAD_Subject2_chest_Temp,0.503,0.518,0.253,0.047,0.253,0.503,0.737,0.253
WESAD,WESAD_Subject2_chest_Resp,0.511,0.488,0.253,0.004,0.06,0.009,0.452,0.253
WESAD,WESAD_Subject3_chest_X-ACC,0.42,0.309,0.25,0.116,0.25,0.57,0.789,0.25
WESAD,WESAD_Subject3_chest_Y-ACC,0.353,0.142,0.25,0.124,0.25,0.509,0.628,0.25
WESAD,WESAD_Subject3_chest_Z-ACC,0.374,0.257,0.25,0.036,0.25,0.734,0.813,0.25
WESAD,WESAD_Subject3_chest_ECG,0.397,0.195,0.25,0.225,0.134,0.25,0.028,0.25
WESAD,WESAD_Subject3_chest_EMG,0.491,0.452,0.25,0.388,0.25,0.454,0.485,0.25
WESAD,WESAD_Subject3_chest_EDA,0.628,0.305,0.25,0.032,0.25,0.594,0.121,0.25
WESAD,WESAD_Subject3_chest_Temp,0.408,0.461,0.454,0.049,0.25,0.513,0.548,0.25
WESAD,WESAD_Subject3_chest_Resp,0.196,0.473,0.454,0.005,0.036,0.014,0.173,0.25
WESAD,WESAD_Subject4_chest_X-ACC,0.533,0.567,0.25,0.071,0.25,0.636,0.738,0.25
WESAD,WESAD_Subject4_chest_Y-ACC,0.496,0.504,0.25,0.1,0.25,0.618,0.999,0.25
WESAD,WESAD_Subject4_chest_Z-ACC,0.493,0.383,0.25,0.07,0.25,0.436,0.905,0.25
WESAD,WESAD_Subject4_chest_ECG,0.517,0.265,0.25,0.246,0.035,0.25,0.021,0.25
WESAD,WESAD_Subject4_chest_EMG,0.58,0.521,0.25,0.495,0.25,0.25,0.402,0.25
WESAD,WESAD_Subject4_chest_EDA,0.259,0.415,0.25,0.111,0.25,0.66,0.497,0.25
WESAD,WESAD_Subject4_chest_Temp,0.549,0.283,0.25,0.063,0.25,0.554,0.424,0.25
WESAD,WESAD_Subject4_chest_Resp,0.352,0.593,0.25,0.004,0.053,0.009,0.499,0.25
WESAD,WESAD_Subject5_chest_X-ACC,0.459,0.518,0.254,0.128,0.469,0.575,0.677,0.254
WESAD,WESAD_Subject5_chest_Y-ACC,0.42,0.309,0.254,0.085,0.254,0.223,0.616,0.254
WESAD,WESAD_Subject5_chest_Z-ACC,0.756,0.314,0.254,0.049,0.254,0.635,0.683,0.254
WESAD,WESAD_Subject5_chest_ECG,0.368,0.091,0.254,0.251,0.026,0.412,0.024,0.254
WESAD,WESAD_Subject5_chest_EMG,0.659,0.595,0.254,0.555,0.254,0.254,0.29,0.254
WESAD,WESAD_Subject5_chest_EDA,0.555,0.419,0.254,0.024,0.254,0.676,0.269,0.254
WESAD,WESAD_Subject5_chest_Temp,0.588,0.401,0.254,0.115,0.254,0.399,0.475,0.254
WESAD,WESAD_Subject5_chest_Resp,0.202,0.42,0.254,0.004,0.022,0.011,0.236,0.254
MIT-BIH-VE,MIT-BIH-VE_ECG_Subject418,0.466,0.593,0.102,0.222,0.102,0.181,0.102,0.102
MIT-BIH-VE,MIT-BIH-VE_ECG_Subject418,0.466,0.593,0.102,0.222,0.102,0.181,0.102,0.102
MIT-BIH-VE,MIT-BIH-VE_ECG_Subject419,0.387,0.391,0.116,0.137,0.367,0.442,0.224,0.116
MIT-BIH-VE,MIT-BIH-VE_ECG_Subject419,0.387,0.391,0.116,0.137,0.367,0.442,0.224,0.116
MIT-BIH-VE,MIT-BIH-VE_ECG_Subject420,0.555,0.289,0.351,0.044,0.462,0.304,0.713,0.351
MIT-BIH-VE,MIT-BIH-VE_ECG_Subject420,0.555,0.289,0.351,0.044,0.462,0.304,0.713,0.351
MIT-BIH-VE,MIT-BIH-VE_ECG_Subject421,0.418,0.358,0.092,0.218,0.174,0.36,0.486,0.092
MIT-BIH-VE,MIT-BIH-VE_ECG_Subject421,0.418,0.358,0.092,0.218,0.174,0.36,0.486,0.092
MIT-BIH-VE,MIT-BIH-VE_ECG_Subject422,0.467,0.425,0.137,0.13,0.137,0.613,0.538,0.137
MIT-BIH-VE,MIT-BIH-VE_ECG_Subject422,0.467,0.425,0.137,0.13,0.137,0.613,0.538,0.137
MIT-BIH-VE,MIT-BIH-VE_ECG_Subject423,0.662,0.488,0.207,0.081,0.207,0.379,0.639,0.207
MIT-BIH-VE,MIT-BIH-VE_ECG_Subject423,0.662,0.488,0.207,0.081,0.207,0.379,0.639,0.207
MIT-BIH-VE,MIT-BIH-VE_ECG_Subject424,0.482,0.456,0.389,0.053,0.168,0.307,0.438,0.389
MIT-BIH-VE,MIT-BIH-VE_ECG_Subject424,0.482,0.456,0.389,0.053,0.168,0.307,0.438,0.389
MIT-BIH-VE,MIT-BIH-VE_ECG_Subject425,0.38,0.438,0.115,0.132,0.41,0.44,0.23,0.115
MIT-BIH-VE,MIT-BIH-VE_ECG_Subject425,0.38,0.438,0.115,0.132,0.41,0.44,0.23,0.115
MIT-BIH-VE,MIT-BIH-VE_ECG_Subject426,0.574,0.369,0.179,0.094,0.347,0.241,0.559,0.179
MIT-BIH-VE,MIT-BIH-VE_ECG_Subject426,0.574,0.369,0.179,0.094,0.347,0.241,0.559,0.179
MIT-BIH-VE,MIT-BIH-VE_ECG_Subject427,0.739,0.286,0.346,0.03,0.346,0.146,0.546,0.346
MIT-BIH-VE,MIT-BIH-VE_ECG_Subject427,0.739,0.286,0.346,0.03,0.346,0.146,0.546,0.346
MIT-BIH-VE,MIT-BIH-VE_ECG_Subject428,0.378,0.181,0.642,0.059,0.14,0.09,0.388,0.642
MIT-BIH-VE,MIT-BIH-VE_ECG_Subject428,0.378,0.181,0.642,0.059,0.14,0.09,0.388,0.642
MIT-BIH-VE,MIT-BIH-VE_ECG_Subject429,0.682,0.43,0.187,0.095,0.381,0.229,0.378,0.187
MIT-BIH-VE,MIT-BIH-VE_ECG_Subject429,0.682,0.43,0.187,0.095,0.381,0.229,0.378,0.187
MIT-BIH-VE,MIT-BIH-VE_ECG_Subject430,0.594,0.409,0.096,0.145,0.115,0.309,0.75,0.096
MIT-BIH-VE,MIT-BIH-VE_ECG_Subject430,0.594,0.409,0.096,0.145,0.115,0.309,0.75,0.096
MIT-BIH-VE,MIT-BIH-VE_ECG_Subject602,0.422,0.437,0.208,0.233,0.208,0.046,0.274,0.208
MIT-BIH-VE,MIT-BIH-VE_ECG_Subject602,0.422,0.437,0.208,0.233,0.208,0.046,0.274,0.208
MIT-BIH-VE,MIT-BIH-VE_ECG_Subject605,0.479,0.098,0.657,0.324,0.656,0.501,0.136,0.657
MIT-BIH-VE,MIT-BIH-VE_ECG_Subject605,0.479,0.098,0.657,0.324,0.656,0.501,0.136,0.657
MIT-BIH-VE,MIT-BIH-VE_ECG_Subject607,0.304,0.215,0.494,0.427,0.495,0.157,0.217,0.494
MIT-BIH-VE,MIT-BIH-VE_ECG_Subject607,0.304,0.215,0.494,0.427,0.495,0.157,0.217,0.494
MIT-BIH-VE,MIT-BIH-VE_ECG_Subject609,0.534,0.364,0.335,0.436,0.335,0.725,0.713,0.335
MIT-BIH-VE,MIT-BIH-VE_ECG_Subject609,0.534,0.364,0.335,0.436,0.335,0.725,0.713,0.335
MIT-BIH-VE,MIT-BIH-VE_ECG_Subject610,0.659,0.523,0.087,0.496,0.155,0.414,0.491,0.087
MIT-BIH-VE,MIT-BIH-VE_ECG_Subject610,0.659,0.523,0.087,0.496,0.155,0.414,0.491,0.087
MIT-BIH-VE,MIT-BIH-VE_ECG_Subject611,0.542,0.379,0.51,0.514,0.51,0.459,0.538,0.51
MIT-BIH-VE,MIT-BIH-VE_ECG_Subject611,0.542,0.379,0.51,0.514,0.51,0.459,0.538,0.51
MIT-BIH-VE,MIT-BIH-VE_ECG_Subject612,0.477,0.106,0.696,0.162,0.676,0.113,0.22,0.696
MIT-BIH-VE,MIT-BIH-VE_ECG_Subject612,0.477,0.106,0.696,0.162,0.676,0.113,0.22,0.696
MIT-BIH-VE,MIT-BIH-VE_ECG_Subject614,0.706,0.551,0.171,0.572,0.246,0.45,0.656,0.171
MIT-BIH-VE,MIT-BIH-VE_ECG_Subject614,0.706,0.551,0.171,0.572,0.246,0.45,0.656,0.171
MIT-BIH-VE,MIT-BIH-VE_ECG_Subject615,0.57,0.471,0.272,0.384,0.251,0.312,0.136,0.272
MIT-BIH-VE,MIT-BIH-VE_ECG_Subject615,0.57,0.471,0.272,0.384,0.251,0.312,0.136,0.272
MIT-BIH-Arr,MIT-BIH-Arr_MLII_Subject100,0.659,0.5,1.0,0.041,1.0,1.0,0.167,1.0
MIT-BIH-Arr,MIT-BIH-Arr_V5_Subject100,0.623,0.531,1.0,0.039,1.0,0.452,0.349,1.0
MIT-BIH-Arr,MIT-BIH-Arr_MLII_Subject101,0.516,0.234,1.0,0.04,1.0,0.714,0.304,1.0
MIT-BIH-Arr,MIT-BIH-Arr_V1_Subject101,0.132,0.14,1.0,0.017,1.0,0.961,0.36,1.0
MIT-BIH-Arr,MIT-BIH-Arr_V5_Subject102,0.987,0.87,0.819,0.069,0.819,0.819,0.075,0.819
MIT-BIH-Arr,MIT-BIH-Arr_V2_Subject102,0.581,0.867,0.819,0.434,0.259,0.045,0.207,0.819
MIT-BIH-Arr,MIT-BIH-Arr_MLII_Subject103,0.329,0.291,1.0,0.035,1.0,0.605,0.463,1.0
MIT-BIH-Arr,MIT-BIH-Arr_V2_Subject103,0.387,0.175,1.0,0.053,0.334,0.61,0.59,1.0
MIT-BIH-Arr,MIT-BIH-Arr_V5_Subject104,0.543,0.436,0.242,0.257,0.242,0.322,0.178,0.242
MIT-BIH-Arr,MIT-BIH-Arr_V2_Subject104,0.509,0.469,0.242,0.267,0.286,0.363,0.183,0.242
MIT-BIH-Arr,MIT-BIH-Arr_MLII_Subject105,0.306,0.123,1.0,0.066,1.0,0.47,0.669,1.0
MIT-BIH-Arr,MIT-BIH-Arr_V1_Subject105,0.275,0.07,1.0,0.018,1.0,0.145,0.136,1.0
MIT-BIH-Arr,MIT-BIH-Arr_MLII_Subject106,0.372,0.306,0.126,0.297,0.126,0.353,0.169,0.126
MIT-BIH-Arr,MIT-BIH-Arr_V1_Subject106,0.38,0.375,0.126,0.24,0.368,0.252,0.408,0.126
MIT-BIH-Arr,MIT-BIH-Arr_MLII_Subject107,0.442,0.148,1.0,0.066,1.0,0.016,0.049,1.0
MIT-BIH-Arr,MIT-BIH-Arr_V1_Subject107,0.256,0.144,1.0,0.115,0.989,0.102,0.051,1.0
MIT-BIH-Arr,MIT-BIH-Arr_MLII_Subject108,0.186,0.098,1.0,0.026,1.0,0.188,0.092,1.0
MIT-BIH-Arr,MIT-BIH-Arr_V1_Subject108,0.219,0.047,1.0,0.025,0.338,0.059,0.034,1.0
MIT-BIH-Arr,MIT-BIH-Arr_MLII_Subject109,0.267,0.536,1.0,0.169,1.0,0.872,0.339,1.0
MIT-BIH-Arr,MIT-BIH-Arr_V1_Subject109,0.182,0.336,1.0,0.057,0.987,0.602,0.209,1.0
MIT-BIH-Arr,MIT-BIH-Arr_MLII_Subject111,0.276,0.083,1.0,0.026,1.0,0.134,0.125,1.0
MIT-BIH-Arr,MIT-BIH-Arr_V1_Subject111,0.289,0.093,1.0,0.042,0.999,0.192,0.128,1.0
MIT-BIH-Arr,MIT-BIH-Arr_MLII_Subject112,0.389,0.228,1.0,0.032,1.0,0.444,0.222,1.0
MIT-BIH-Arr,MIT-BIH-Arr_V1_Subject112,0.272,0.291,1.0,0.014,1.0,0.693,0.035,1.0
MIT-BIH-Arr,MIT-BIH-Arr_MLII_Subject113,0.54,0.39,1.0,0.063,1.0,0.454,0.029,1.0
MIT-BIH-Arr,MIT-BIH-Arr_V1_Subject113,0.184,0.331,1.0,0.024,0.842,0.453,0.034,1.0
MIT-BIH-Arr,MIT-BIH-Arr_V5_Subject114,0.435,0.108,0.522,0.032,0.522,0.431,0.205,0.522
MIT-BIH-Arr,MIT-BIH-Arr_MLII_Subject114,0.527,0.326,0.522,0.106,0.522,0.473,0.287,0.522
MIT-BIH-Arr,MIT-BIH-Arr_MLII_Subject115,0.575,0.189,1.0,0.046,1.0,0.11,0.113,1.0
MIT-BIH-Arr,MIT-BIH-Arr_V1_Subject115,0.713,0.288,1.0,0.017,1.0,0.323,0.045,1.0
MIT-BIH-Arr,MIT-BIH-Arr_MLII_Subject116,0.283,0.136,1.0,0.068,1.0,0.074,0.222,1.0
MIT-BIH-Arr,MIT-BIH-Arr_V1_Subject116,0.416,0.134,1.0,0.023,1.0,0.07,0.283,1.0
MIT-BIH-Arr,MIT-BIH-Arr_MLII_Subject117,0.576,0.44,1.0,0.042,1.0,0.232,0.11,1.0
MIT-BIH-Arr,MIT-BIH-Arr_V2_Subject117,0.598,0.586,1.0,0.022,1.0,0.088,0.081,1.0
MIT-BIH-Arr,MIT-BIH-Arr_MLII_Subject118,0.197,0.126,1.0,0.048,1.0,0.157,0.128,1.0
MIT-BIH-Arr,MIT-BIH-Arr_V1_Subject118,0.212,0.127,1.0,0.025,1.0,0.09,0.056,1.0
MIT-BIH-Arr,MIT-BIH-Arr_MLII_Subject119,0.347,0.415,0.029,0.417,0.029,0.372,0.333,0.029
MIT-BIH-Arr,MIT-BIH-Arr_V1_Subject119,0.185,0.252,0.029,0.355,0.029,0.31,0.394,0.029
MIT-BIH-Arr,MIT-BIH-Arr_MLII_Subject121,0.405,0.121,1.0,0.018,1.0,0.267,0.073,1.0
MIT-BIH-Arr,MIT-BIH-Arr_V1_Subject121,0.329,0.055,1.0,0.019,1.0,0.095,0.054,1.0
MIT-BIH-Arr,MIT-BIH-Arr_MLII_Subject122,0.377,0.048,1.0,0.072,1.0,0.523,0.897,1.0
MIT-BIH-Arr,MIT-BIH-Arr_V1_Subject122,0.581,0.197,1.0,0.013,1.0,0.342,0.47,1.0
MIT-BIH-Arr,MIT-BIH-Arr_MLII_Subject123,0.999,0.135,1.0,0.058,1.0,0.52,0.167,1.0
MIT-BIH-Arr,MIT-BIH-Arr_V5_Subject123,0.64,0.121,1.0,0.022,1.0,0.25,0.025,1.0
MIT-BIH-Arr,MIT-BIH-Arr_MLII_Subject124,0.648,0.413,0.184,0.141,0.184,0.289,0.176,0.184
MIT-BIH-Arr,MIT-BIH-Arr_V4_Subject124,0.787,0.648,0.184,0.064,0.184,0.352,0.145,0.184
MIT-BIH-Arr,MIT-BIH-Arr_MLII_Subject200,0.248,0.444,0.022,0.423,0.022,0.126,0.38,0.022
MIT-BIH-Arr,MIT-BIH-Arr_V1_Subject200,0.243,0.316,0.022,0.311,0.097,0.134,0.308,0.022
MIT-BIH-Arr,MIT-BIH-Arr_MLII_Subject201,0.446,0.461,0.09,0.318,0.09,0.192,0.245,0.09
MIT-BIH-Arr,MIT-BIH-Arr_V1_Subject201,0.439,0.444,0.09,0.344,0.09,0.276,0.327,0.09
MIT-BIH-Arr,MIT-BIH-Arr_MLII_Subject202,0.727,0.48,0.437,0.141,0.437,0.316,0.271,0.437
MIT-BIH-Arr,MIT-BIH-Arr_V1_Subject202,0.574,0.533,0.437,0.141,0.319,0.313,0.277,0.437
MIT-BIH-Arr,MIT-BIH-Arr_MLII_Subject203,0.442,0.355,0.091,0.224,0.091,0.25,0.21,0.091
MIT-BIH-Arr,MIT-BIH-Arr_V1_Subject203,0.136,0.385,0.091,0.255,0.37,0.31,0.419,0.091
MIT-BIH-Arr,MIT-BIH-Arr_MLII_Subject205,0.859,0.441,0.265,0.143,0.265,0.428,0.775,0.265
MIT-BIH-Arr,MIT-BIH-Arr_V1_Subject205,0.856,0.499,0.265,0.052,0.265,0.566,0.778,0.265
MIT-BIH-Arr,MIT-BIH-Arr_MLII_Subject207,0.281,0.297,0.493,0.118,0.493,0.503,0.184,0.493
MIT-BIH-Arr,MIT-BIH-Arr_V1_Subject207,0.431,0.281,0.493,0.079,0.641,0.604,0.216,0.493
MIT-BIH-Arr,MIT-BIH-Arr_MLII_Subject208,0.344,0.307,0.104,0.284,0.104,0.315,0.273,0.104
MIT-BIH-Arr,MIT-BIH-Arr_V1_Subject208,0.259,0.368,0.104,0.304,0.104,0.454,0.316,0.104
MIT-BIH-Arr,MIT-BIH-Arr_MLII_Subject209,0.62,0.556,0.211,0.176,0.211,0.605,0.584,0.211
MIT-BIH-Arr,MIT-BIH-Arr_V1_Subject209,0.535,0.328,0.211,0.098,0.211,0.211,0.342,0.211
MIT-BIH-Arr,MIT-BIH-Arr_MLII_Subject210,0.605,0.601,0.214,0.147,0.214,0.446,0.583,0.214
MIT-BIH-Arr,MIT-BIH-Arr_V1_Subject210,0.419,0.443,0.214,0.091,0.214,0.451,0.333,0.214
MIT-BIH-Arr,MIT-BIH-Arr_MLII_Subject212,0.101,0.084,1.0,0.035,1.0,0.197,0.373,1.0
MIT-BIH-Arr,MIT-BIH-Arr_V1_Subject212,0.1,0.069,1.0,0.056,0.999,0.155,0.186,1.0
MIT-BIH-Arr,MIT-BIH-Arr_MLII_Subject213,0.241,0.54,0.091,0.189,0.091,0.259,0.495,0.091
MIT-BIH-Arr,MIT-BIH-Arr_V1_Subject213,0.477,0.535,0.091,0.387,0.091,0.359,0.395,0.091
MIT-BIH-Arr,MIT-BIH-Arr_MLII_Subject214,0.431,0.479,0.106,0.284,0.106,0.409,0.353,0.106
MIT-BIH-Arr,MIT-BIH-Arr_V1_Subject214,0.468,0.464,0.106,0.166,0.322,0.431,0.257,0.106
MIT-BIH-Arr,MIT-BIH-Arr_MLII_Subject215,0.417,0.674,0.449,0.081,0.449,0.391,0.491,0.449
MIT-BIH-Arr,MIT-BIH-Arr_V1_Subject215,0.434,0.202,0.449,0.037,0.475,0.383,0.542,0.449
MIT-BIH-Arr,MIT-BIH-Arr_MLII_Subject217,0.551,0.451,0.077,0.357,0.077,0.389,0.267,0.077
MIT-BIH-Arr,MIT-BIH-Arr_V1_Subject217,0.519,0.46,0.077,0.281,0.079,0.077,0.256,0.077
MIT-BIH-Arr,MIT-BIH-Arr_MLII_Subject219,0.588,0.582,0.159,0.127,0.159,0.263,0.196,0.159
MIT-BIH-Arr,MIT-BIH-Arr_V1_Subject219,0.571,0.502,0.159,0.073,0.159,0.164,0.293,0.159
MIT-BIH-Arr,MIT-BIH-Arr_MLII_Subject220,0.676,0.379,0.269,0.169,0.269,0.541,0.348,0.269
MIT-BIH-Arr,MIT-BIH-Arr_V1_Subject220,0.269,0.403,0.269,0.094,0.269,0.399,0.139,0.269
MIT-BIH-Arr,MIT-BIH-Arr_MLII_Subject221,0.238,0.238,0.238,0.182,0.238,0.365,0.189,0.238
MIT-BIH-Arr,MIT-BIH-Arr_V1_Subject221,0.238,0.555,0.238,0.177,0.238,0.522,0.314,0.238
MIT-BIH-Arr,MIT-BIH-Arr_MLII_Subject222,0.422,0.482,0.103,0.287,0.103,0.343,0.272,0.103
MIT-BIH-Arr,MIT-BIH-Arr_V1_Subject222,0.514,0.354,0.103,0.292,0.085,0.301,0.316,0.103
MIT-BIH-Arr,MIT-BIH-Arr_MLII_Subject223,0.714,0.514,0.104,0.296,0.104,0.363,0.494,0.104
MIT-BIH-Arr,MIT-BIH-Arr_V1_Subject223,0.736,0.617,0.104,0.26,0.104,0.322,0.427,0.104
MIT-BIH-Arr,MIT-BIH-Arr_MLII_Subject228,0.624,0.642,0.07,0.292,0.07,0.227,0.247,0.07
MIT-BIH-Arr,MIT-BIH-Arr_V1_Subject228,0.6,0.609,0.07,0.384,0.07,0.338,0.288,0.07
MIT-BIH-Arr,MIT-BIH-Arr_MLII_Subject230,0.584,0.457,0.027,0.365,0.027,0.194,0.171,0.027
MIT-BIH-Arr,MIT-BIH-Arr_V1_Subject230,0.597,0.44,0.027,0.346,0.092,0.116,0.252,0.027
MIT-BIH-Arr,MIT-BIH-Arr_MLII_Subject231,0.945,0.815,0.128,0.21,0.128,0.506,0.121,0.128
MIT-BIH-Arr,MIT-BIH-Arr_V1_Subject231,0.941,0.854,0.128,0.14,0.271,0.548,0.422,0.128
MIT-BIH-Arr,MIT-BIH-Arr_MLII_Subject232,0.274,0.212,1.0,0.026,1.0,0.367,0.008,1.0
MIT-BIH-Arr,MIT-BIH-Arr_V1_Subject232,0.358,0.142,1.0,0.028,0.604,0.143,0.038,1.0
MIT-BIH-Arr,MIT-BIH-Arr_MLII_Subject233,0.356,0.312,0.064,0.311,0.064,0.405,0.419,0.064
MIT-BIH-Arr,MIT-BIH-Arr_V1_Subject233,0.284,0.377,0.064,0.34,0.082,0.337,0.136,0.064
MIT-BIH-Arr,MIT-BIH-Arr_MLII_Subject234,0.485,0.238,0.487,0.062,0.487,0.294,0.575,0.487
MIT-BIH-Arr,MIT-BIH-Arr_V1_Subject234,0.556,0.262,0.487,0.062,0.487,0.365,0.238,0.487
SleepDB,SleepDB_SubjectST7011J0-PSG_EEG_Fpz-Cz,0.411,0.301,0.026,0.096,0.303,0.026,0.381,0.026
SleepDB,SleepDB_SubjectST7011J0-PSG_EEG_Pz-Oz,0.387,0.357,0.026,0.096,0.263,0.026,0.197,0.026
SleepDB,SleepDB_SubjectST7011J0-PSG_EOG_horizontal,0.416,0.274,0.026,0.096,0.365,0.026,0.291,0.026
SleepDB,SleepDB_SubjectST7011J0-PSG_EMG_submental,0.435,0.324,0.026,0.096,0.149,0.026,0.373,0.026
SleepDB,SleepDB_SubjectST7022J0-PSG_EEG_Fpz-Cz,0.523,0.418,0.03,0.089,0.325,0.03,0.41,0.03
SleepDB,SleepDB_SubjectST7022J0-PSG_EEG_Pz-Oz,0.392,0.364,0.03,0.085,0.241,0.03,0.241,0.03
SleepDB,SleepDB_SubjectST7022J0-PSG_EOG_horizontal,0.453,0.313,0.03,0.085,0.311,0.03,0.398,0.03
SleepDB,SleepDB_SubjectST7022J0-PSG_EMG_submental,0.382,0.223,0.03,0.087,0.291,0.03,0.374,0.03
SleepDB,SleepDB_SubjectST7041J0-PSG_EEG_Fpz-Cz,0.37,0.321,0.037,0.037,0.037,0.037,0.35,0.037
SleepDB,SleepDB_SubjectST7041J0-PSG_EEG_Pz-Oz,0.426,0.38,0.037,0.349,0.395,0.037,0.429,0.037
SleepDB,SleepDB_SubjectST7041J0-PSG_EOG_horizontal,0.407,0.184,0.037,0.037,0.037,0.037,0.252,0.037
SleepDB,SleepDB_SubjectST7041J0-PSG_EMG_submental,0.366,0.182,0.037,0.037,0.037,0.037,0.37,0.037
SleepDB,SleepDB_SubjectST7052J0-PSG_EEG_Fpz-Cz,0.414,0.36,0.032,0.085,0.088,0.032,0.422,0.032
SleepDB,SleepDB_SubjectST7052J0-PSG_EEG_Pz-Oz,0.458,0.422,0.032,0.085,0.088,0.032,0.391,0.032
SleepDB,SleepDB_SubjectST7052J0-PSG_EOG_horizontal,0.403,0.241,0.032,0.109,0.088,0.032,0.381,0.032
SleepDB,SleepDB_SubjectST7052J0-PSG_EMG_submental,0.387,0.314,0.032,0.085,0.088,0.032,0.449,0.032
SleepDB,SleepDB_SubjectST7061J0-PSG_EEG_Fpz-Cz,0.452,0.348,0.043,0.1,0.5,0.043,0.41,0.043
SleepDB,SleepDB_SubjectST7061J0-PSG_EEG_Pz-Oz,0.436,0.35,0.043,0.135,0.344,0.043,0.431,0.043
SleepDB,SleepDB_SubjectST7061J0-PSG_EOG_horizontal,0.484,0.219,0.043,0.1,0.414,0.043,0.398,0.043
SleepDB,SleepDB_SubjectST7061J0-PSG_EMG_submental,0.378,0.238,0.043,0.1,0.468,0.043,0.384,0.043
SleepDB,SleepDB_SubjectST7071J0-PSG_EEG_Fpz-Cz,0.345,0.273,0.068,0.14,0.261,0.068,0.347,0.068
SleepDB,SleepDB_SubjectST7071J0-PSG_EEG_Pz-Oz,0.344,0.272,0.068,0.122,0.128,0.068,0.271,0.068
SleepDB,SleepDB_SubjectST7071J0-PSG_EOG_horizontal,0.39,0.231,0.068,0.135,0.228,0.068,0.357,0.068
SleepDB,SleepDB_SubjectST7071J0-PSG_EMG_submental,0.322,0.265,0.068,0.129,0.146,0.068,0.367,0.068
SleepDB,SleepDB_SubjectST7082J0-PSG_EEG_Fpz-Cz,0.403,0.322,0.023,0.023,0.023,0.023,0.298,0.023
SleepDB,SleepDB_SubjectST7082J0-PSG_EEG_Pz-Oz,0.395,0.316,0.023,0.023,0.045,0.023,0.192,0.023
SleepDB,SleepDB_SubjectST7082J0-PSG_EOG_horizontal,0.377,0.258,0.023,0.023,0.023,0.023,0.213,0.023
SleepDB,SleepDB_SubjectST7082J0-PSG_EMG_submental,0.408,0.22,0.023,0.023,0.023,0.023,0.347,0.023
SleepDB,SleepDB_SubjectST7092J0-PSG_EEG_Fpz-Cz,0.376,0.307,0.022,0.023,0.374,0.022,0.279,0.022
SleepDB,SleepDB_SubjectST7092J0-PSG_EEG_Pz-Oz,0.425,0.368,0.022,0.022,0.314,0.022,0.157,0.022
SleepDB,SleepDB_SubjectST7092J0-PSG_EOG_horizontal,0.31,0.307,0.022,0.022,0.299,0.022,0.2,0.022
SleepDB,SleepDB_SubjectST7092J0-PSG_EMG_submental,0.343,0.289,0.022,0.022,0.036,0.022,0.189,0.022
SleepDB,SleepDB_SubjectST7101J0-PSG_EEG_Fpz-Cz,0.365,0.369,0.025,0.044,0.025,0.025,0.408,0.025
SleepDB,SleepDB_SubjectST7101J0-PSG_EEG_Pz-Oz,0.34,0.365,0.025,0.044,0.265,0.025,0.363,0.025
SleepDB,SleepDB_SubjectST7101J0-PSG_EOG_horizontal,0.41,0.285,0.025,0.044,0.356,0.025,0.324,0.025
SleepDB,SleepDB_SubjectST7101J0-PSG_EMG_submental,0.323,0.246,0.025,0.044,0.025,0.025,0.348,0.025
SleepDB,SleepDB_SubjectST7112J0-PSG_EEG_Fpz-Cz,0.388,0.396,0.036,0.063,0.305,0.036,0.482,0.036
SleepDB,SleepDB_SubjectST7112J0-PSG_EEG_Pz-Oz,0.437,0.386,0.036,0.063,0.391,0.036,0.387,0.036
SleepDB,SleepDB_SubjectST7112J0-PSG_EOG_horizontal,0.397,0.239,0.036,0.066,0.263,0.036,0.32,0.036
SleepDB,SleepDB_SubjectST7112J0-PSG_EMG_submental,0.442,0.213,0.036,0.063,0.325,0.036,0.311,0.036
SleepDB,SleepDB_SubjectST7121J0-PSG_EEG_Fpz-Cz,0.426,0.39,0.03,0.03,0.354,0.03,0.386,0.03
SleepDB,SleepDB_SubjectST7121J0-PSG_EEG_Pz-Oz,0.391,0.458,0.03,0.03,0.37,0.03,0.37,0.03
SleepDB,SleepDB_SubjectST7121J0-PSG_EOG_horizontal,0.345,0.265,0.03,0.03,0.365,0.03,0.276,0.03
SleepDB,SleepDB_SubjectST7121J0-PSG_EMG_submental,0.349,0.352,0.03,0.03,0.059,0.03,0.236,0.03
SleepDB,SleepDB_SubjectST7132J0-PSG_EEG_Fpz-Cz,0.392,0.307,0.039,0.039,0.423,0.039,0.39,0.039
SleepDB,SleepDB_SubjectST7132J0-PSG_EEG_Pz-Oz,0.409,0.375,0.039,0.039,0.333,0.039,0.404,0.039
SleepDB,SleepDB_SubjectST7132J0-PSG_EOG_horizontal,0.38,0.233,0.039,0.039,0.315,0.039,0.371,0.039
SleepDB,SleepDB_SubjectST7132J0-PSG_EMG_submental,0.347,0.193,0.039,0.039,0.039,0.039,0.437,0.039
SleepDB,SleepDB_SubjectST7141J0-PSG_EEG_Fpz-Cz,0.388,0.358,0.039,0.096,0.039,0.039,0.358,0.039
SleepDB,SleepDB_SubjectST7141J0-PSG_EEG_Pz-Oz,0.405,0.374,0.039,0.096,0.039,0.039,0.378,0.039
SleepDB,SleepDB_SubjectST7141J0-PSG_EOG_horizontal,0.334,0.275,0.039,0.096,0.428,0.039,0.371,0.039
SleepDB,SleepDB_SubjectST7141J0-PSG_EMG_submental,0.343,0.287,0.039,0.096,0.082,0.039,0.387,0.039
SleepDB,SleepDB_SubjectST7151J0-PSG_EEG_Fpz-Cz,0.544,0.321,0.062,0.21,0.062,0.062,0.437,0.062
SleepDB,SleepDB_SubjectST7151J0-PSG_EEG_Pz-Oz,0.447,0.316,0.062,0.21,0.062,0.062,0.4,0.062
SleepDB,SleepDB_SubjectST7151J0-PSG_EOG_horizontal,0.48,0.261,0.062,0.21,0.062,0.062,0.397,0.062
SleepDB,SleepDB_SubjectST7151J0-PSG_EMG_submental,0.47,0.229,0.062,0.21,0.062,0.062,0.408,0.062
SleepDB,SleepDB_SubjectST7162J0-PSG_EEG_Fpz-Cz,0.353,0.363,0.016,0.016,0.316,0.016,0.264,0.016
SleepDB,SleepDB_SubjectST7162J0-PSG_EEG_Pz-Oz,0.366,0.415,0.016,0.016,0.085,0.016,0.093,0.016
SleepDB,SleepDB_SubjectST7162J0-PSG_EOG_horizontal,0.373,0.314,0.016,0.016,0.228,0.016,0.147,0.016
SleepDB,SleepDB_SubjectST7162J0-PSG_EMG_submental,0.406,0.347,0.016,0.016,0.094,0.016,0.212,0.016
SleepDB,SleepDB_SubjectST7171J0-PSG_EEG_Fpz-Cz,0.276,0.303,0.027,0.05,0.027,0.027,0.296,0.027
SleepDB,SleepDB_SubjectST7171J0-PSG_EEG_Pz-Oz,0.331,0.36,0.027,0.05,0.027,0.027,0.2,0.027
SleepDB,SleepDB_SubjectST7171J0-PSG_EOG_horizontal,0.288,0.258,0.027,0.05,0.027,0.027,0.3,0.027
SleepDB,SleepDB_SubjectST7171J0-PSG_EMG_submental,0.333,0.399,0.027,0.05,0.027,0.027,0.201,0.027
SleepDB,SleepDB_SubjectST7182J0-PSG_EEG_Fpz-Cz,0.408,0.189,0.047,0.122,0.047,0.047,0.498,0.047
SleepDB,SleepDB_SubjectST7182J0-PSG_EEG_Pz-Oz,0.464,0.259,0.047,0.121,0.047,0.047,0.263,0.047
SleepDB,SleepDB_SubjectST7182J0-PSG_EOG_horizontal,0.388,0.156,0.047,0.121,0.047,0.047,0.437,0.047
SleepDB,SleepDB_SubjectST7182J0-PSG_EMG_submental,0.404,0.147,0.047,0.121,0.047,0.047,0.394,0.047
SleepDB,SleepDB_SubjectST7192J0-PSG_EEG_Fpz-Cz,0.497,0.323,0.055,0.184,0.543,0.055,0.522,0.055
SleepDB,SleepDB_SubjectST7192J0-PSG_EEG_Pz-Oz,0.459,0.39,0.055,0.184,0.083,0.055,0.533,0.055
SleepDB,SleepDB_SubjectST7192J0-PSG_EOG_horizontal,0.486,0.198,0.055,0.184,0.522,0.055,0.527,0.055
SleepDB,SleepDB_SubjectST7192J0-PSG_EMG_submental,0.487,0.183,0.055,0.184,0.056,0.055,0.551,0.055
SleepDB,SleepDB_SubjectST7201J0-PSG_EEG_Fpz-Cz,0.396,0.373,0.03,0.03,0.32,0.03,0.358,0.03
SleepDB,SleepDB_SubjectST7201J0-PSG_EEG_Pz-Oz,0.426,0.401,0.03,0.03,0.03,0.03,0.31,0.03
SleepDB,SleepDB_SubjectST7201J0-PSG_EOG_horizontal,0.37,0.243,0.03,0.03,0.07,0.03,0.406,0.03
SleepDB,SleepDB_SubjectST7201J0-PSG_EMG_submental,0.388,0.451,0.03,0.03,0.03,0.03,0.412,0.03
SleepDB,SleepDB_SubjectST7212J0-PSG_EEG_Fpz-Cz,0.401,0.333,0.028,0.056,0.09,0.028,0.399,0.028
SleepDB,SleepDB_SubjectST7212J0-PSG_EEG_Pz-Oz,0.407,0.38,0.028,0.064,0.243,0.028,0.368,0.028
SleepDB,SleepDB_SubjectST7212J0-PSG_EOG_horizontal,0.409,0.228,0.028,0.064,0.263,0.028,0.416,0.028
SleepDB,SleepDB_SubjectST7212J0-PSG_EMG_submental,0.421,0.27,0.028,0.064,0.156,0.028,0.32,0.028
SleepDB,SleepDB_SubjectST7221J0-PSG_EEG_Fpz-Cz,0.445,0.466,0.031,0.031,0.031,0.031,0.438,0.031
SleepDB,SleepDB_SubjectST7221J0-PSG_EEG_Pz-Oz,0.454,0.431,0.031,0.031,0.031,0.031,0.24,0.031
SleepDB,SleepDB_SubjectST7221J0-PSG_EOG_horizontal,0.426,0.385,0.031,0.031,0.031,0.031,0.381,0.031
SleepDB,SleepDB_SubjectST7221J0-PSG_EMG_submental,0.373,0.329,0.031,0.031,0.031,0.031,0.433,0.031
SleepDB,SleepDB_SubjectST7241J0-PSG_EEG_Fpz-Cz,0.434,0.329,0.041,0.067,0.041,0.041,0.373,0.041
SleepDB,SleepDB_SubjectST7241J0-PSG_EEG_Pz-Oz,0.436,0.401,0.041,0.067,0.116,0.041,0.388,0.041
SleepDB,SleepDB_SubjectST7241J0-PSG_EOG_horizontal,0.404,0.223,0.041,0.061,0.041,0.041,0.446,0.041
SleepDB,SleepDB_SubjectST7241J0-PSG_EMG_submental,0.47,0.214,0.041,0.067,0.041,0.041,0.27,0.041
